{"cameraMode":{"drawMode":0,"name":"Shaded","section":"Shading Mode"},"sceneLighting":true,"audioPlay":false,"sceneViewState":{"showFog":true,"showMaterialUpdate":false,"showSkybox":true,"showFlares":true,"showImageEffects":true,"showParticleSystems":true},"in2DMode":false,"pivot":{"x":-138.75894165039063,"y":-103.29283142089844,"z":-126.25144958496094},"rotation":{"x":-0.11788057535886765,"y":0.858704149723053,"z":-0.2282576709985733,"w":-0.44345349073410036},"size":238.50685119628907,"orthographic":false}