{"cameraMode":{"drawMode":0,"name":"Shaded","section":"Shading Mode"},"sceneLighting":true,"audioPlay":false,"sceneViewState":{"showFog":true,"showMaterialUpdate":false,"showSkybox":false,"showFlares":true,"showImageEffects":true,"showParticleSystems":true},"in2DMode":false,"pivot":{"x":-81.73590087890625,"y":9.669486999511719,"z":-200.13623046875},"rotation":{"x":0.008814643137156964,"y":0.8853317499160767,"z":-0.4663454592227936,"w":0.01787988469004631},"size":40.010372161865237,"orthographic":false}