{"cameraMode":{"drawMode":0,"name":"Shaded","section":"Shading Mode"},"sceneLighting":false,"audioPlay":false,"sceneViewState":{"showFog":true,"showMaterialUpdate":false,"showSkybox":false,"showFlares":true,"showImageEffects":true,"showParticleSystems":true},"in2DMode":false,"pivot":{"x":8.999736785888672,"y":8.925556182861329,"z":-21.498779296875},"rotation":{"x":-0.09155425429344177,"y":-0.7079504132270813,"z":0.09293719381093979,"w":-0.6943698525428772},"size":19.34914779663086,"orthographic":false}