{"cameraMode":{"drawMode":0,"name":"Shaded","section":"Shading Mode"},"sceneLighting":true,"audioPlay":false,"sceneViewState":{"showFog":true,"showMaterialUpdate":false,"showSkybox":true,"showFlares":true,"showImageEffects":true,"showParticleSystems":true},"in2DMode":false,"pivot":{"x":9.117183685302735,"y":9.125612258911133,"z":5.984879970550537},"rotation":{"x":0.07715436071157456,"y":-0.7967588305473328,"z":0.1051953062415123,"w":0.590298056602478},"size":5.067708492279053,"orthographic":false}