{"cameraMode":{"drawMode":0,"name":"Shaded","section":"Shading Mode"},"sceneLighting":false,"audioPlay":false,"sceneViewState":{"showFog":true,"showMaterialUpdate":false,"showSkybox":true,"showFlares":true,"showImageEffects":true,"showParticleSystems":true},"in2DMode":false,"pivot":{"x":10.499736785888672,"y":7.5,"z":-15.498778343200684},"rotation":{"x":0.3185006380081177,"y":0.17886023223400117,"z":-0.061307668685913089,"w":0.9289111495018005},"size":12.037796020507813,"orthographic":false}