{"cameraMode":{"drawMode":0,"name":"Shaded","section":"Shading Mode"},"sceneLighting":true,"audioPlay":false,"sceneViewState":{"showFog":true,"showMaterialUpdate":false,"showSkybox":true,"showFlares":true,"showImageEffects":true,"showParticleSystems":true},"in2DMode":false,"pivot":{"x":31.14482307434082,"y":-90.53736114501953,"z":-172.88116455078126},"rotation":{"x":-0.026953216642141343,"y":-0.9450265765190125,"z":0.3177003264427185,"w":-0.08049087226390839},"size":189.27996826171876,"orthographic":false}