{"cameraMode":{"drawMode":0,"name":"Shaded","section":"Shading Mode"},"sceneLighting":false,"audioPlay":false,"sceneViewState":{"showFog":true,"showMaterialUpdate":false,"showSkybox":true,"showFlares":true,"showImageEffects":true,"showParticleSystems":true},"in2DMode":false,"pivot":{"x":7.970430850982666,"y":8.99013900756836,"z":-22.433988571166993},"rotation":{"x":0.3185006380081177,"y":0.17886023223400117,"z":-0.061307668685913089,"w":0.9289111495018005},"size":6.068728923797607,"orthographic":false}