{"cameraMode":{"drawMode":0,"name":"Shaded","section":"Shading Mode"},"sceneLighting":true,"audioPlay":false,"sceneViewState":{"showFog":true,"showMaterialUpdate":false,"showSkybox":true,"showFlares":true,"showImageEffects":true,"showParticleSystems":true},"in2DMode":false,"pivot":{"x":-18.15850257873535,"y":-23.623159408569337,"z":-175.28707885742188},"rotation":{"x":0.02399473451077938,"y":-0.973296046257019,"z":0.1956215649843216,"w":0.12103959172964096},"size":119.12029266357422,"orthographic":false}