{"cameraMode":{"drawMode":0,"name":"Shaded","section":"Shading Mode"},"sceneLighting":true,"audioPlay":false,"sceneViewState":{"showFog":true,"showMaterialUpdate":false,"showSkybox":true,"showFlares":true,"showImageEffects":true,"showParticleSystems":true},"in2DMode":false,"pivot":{"x":-86.34160614013672,"y":16.864501953125,"z":44.599998474121097},"rotation":{"x":-0.2673303186893463,"y":0.1907641887664795,"z":-0.05462867021560669,"w":-0.9431420564651489},"size":38.09160614013672,"orthographic":false}