{"cameraMode":{"drawMode":0,"name":"Shaded","section":"Shading Mode"},"sceneLighting":false,"audioPlay":false,"sceneViewState":{"showFog":true,"showMaterialUpdate":false,"showSkybox":false,"showFlares":true,"showImageEffects":true,"showParticleSystems":true},"in2DMode":false,"pivot":{"x":-1.024899959564209,"y":20.7450008392334,"z":-103.62999725341797},"rotation":{"x":-0.0072387345135211948,"y":0.959458589553833,"z":-0.024770427495241166,"w":-0.28078317642211916},"size":16.336040496826173,"orthographic":false}