{"cameraMode":{"drawMode":0,"name":"Shaded","section":"Shading Mode"},"sceneLighting":true,"audioPlay":false,"sceneViewState":{"showFog":true,"showMaterialUpdate":false,"showSkybox":true,"showFlares":true,"showImageEffects":true,"showParticleSystems":true},"in2DMode":false,"pivot":{"x":74.20614624023438,"y":-76.03046417236328,"z":-216.3074188232422},"rotation":{"x":0.02883249707520008,"y":0.9707254767417908,"z":-0.182978093624115,"w":0.15297329425811768},"size":257.9781188964844,"orthographic":false}