{"cameraMode":{"drawMode":0,"name":"Shaded","section":"Shading Mode"},"sceneLighting":true,"audioPlay":false,"sceneViewState":{"showFog":true,"showMaterialUpdate":false,"showSkybox":true,"showFlares":true,"showImageEffects":true,"showParticleSystems":true},"in2DMode":false,"pivot":{"x":-94.51593017578125,"y":50.86928176879883,"z":-81.61392974853516},"rotation":{"x":-0.14494279026985169,"y":-0.776847243309021,"z":0.1924823820590973,"w":-0.5820285677909851},"size":228.22132873535157,"orthographic":false}