{"cameraMode":{"drawMode":0,"name":"Shaded","section":"Shading Mode"},"sceneLighting":true,"audioPlay":false,"sceneViewState":{"showFog":true,"showMaterialUpdate":false,"showSkybox":true,"showFlares":true,"showImageEffects":true,"showParticleSystems":true},"in2DMode":false,"pivot":{"x":3.3898448944091799,"y":11.149547576904297,"z":-111.75540924072266},"rotation":{"x":-0.0400063581764698,"y":0.9141680002212524,"z":-0.09332409501075745,"w":-0.39263346791267397},"size":41.885013580322269,"orthographic":false}