{"cameraMode":{"drawMode":0,"name":"Shaded","section":"Shading Mode"},"sceneLighting":true,"audioPlay":false,"sceneViewState":{"showFog":true,"showMaterialUpdate":false,"showSkybox":true,"showFlares":true,"showImageEffects":true,"showParticleSystems":true},"in2DMode":false,"pivot":{"x":6.8488264083862309,"y":20.67655372619629,"z":-75.26203918457031},"rotation":{"x":0.10390409827232361,"y":-0.014917434193193913,"z":0.001562609220854938,"w":0.994484543800354},"size":49.255035400390628,"orthographic":false}