{"cameraMode":{"drawMode":0,"name":"Shaded","section":"Shading Mode"},"sceneLighting":true,"audioPlay":false,"sceneViewState":{"showFog":true,"showMaterialUpdate":false,"showSkybox":true,"showFlares":true,"showImageEffects":true,"showParticleSystems":true},"in2DMode":false,"pivot":{"x":4.327564239501953,"y":13.67790412902832,"z":8.378173828125},"rotation":{"x":0.03142695128917694,"y":0.7193968296051025,"z":-0.03261752054095268,"w":0.6931256055831909},"size":44.88410568237305,"orthographic":false}